"wl","Sargassum","Fucus vesiculosus","Zostera marina","Sand (Dark)","Mud","Posidonia oceanica","coral","Sand (Bright)","Zostera noltei"
400,0.01048528,0.0351111111111111,0.047,0.175999448,0.050100238,0.029293523,0.05942,0.232364421864782,0.0365024882845281
401,0.0103794519556,0.0338601398601399,0.0468601398601399,0.176733837,0.0501452206666667,0.029263553,0.058822,0.232853908936682,0.0364310551786069
402,0.0103165168933,0.0331608391608392,0.0461608391608392,0.17778454,0.0502174506666667,0.029267946,0.058224,0.233354245799588,0.036313015554913
403,0.0102645073333,0.0324652777777778,0.046,0.178835243,0.050316928,0.0292671,0.057626,0.233843269620931,0.0363342814787724
404,0.01024421872,0.032,0.0457724137931035,0.179322615,0.050554748,0.029213067,0.057028,0.234347838123639,0.0363587196986421
405,0.01025021512,0.032,0.0450827586206897,0.180108562,0.0507614706666667,0.029085989,0.05643,0.234921281063929,0.0363331030278432
406,0.01027906596,0.0313888888888889,0.045,0.180894509,0.050937096,0.028896887,0.056074,0.23562200764628,0.0363212173510909
407,0.01031909952,0.0313034482758621,0.045,0.181803867,0.0511305066666667,0.028695249,0.055718,0.236343774749471,0.0363170227283339
408,0.01035960804,0.0319931034482759,0.045,0.1825843975,0.0513297506666667,0.028562957,0.055362,0.237031390941723,0.0363016556285459
409,0.010389936,0.0306344827586207,0.045,0.183364928,0.051534828,0.028461468,0.055006,0.237750289056478,0.0363164712296585
410,0.01040109028,0.0303724137931035,0.045,0.1844244,0.051750576,0.028344296,0.05465,0.238508576291486,0.0363555684222832
411,0.01039071732,0.0309379310344828,0.0449379310344828,0.185151301,0.0519736953333333,0.028183382,0.05424,0.239349464378058,0.0363715481606846
412,0.01036239788,0.030248275862069,0.044248275862069,0.185878202,0.052204186,0.028087038,0.05383,0.240154006662905,0.0363767683940333
413,0.01032319516,0.0295586206896552,0.044,0.186630905,0.0524564126666667,0.028051559,0.05342,0.240858608787504,0.0363976494818204
414,0.01028147248,0.0291301369863014,0.044,0.187577896,0.052723632,0.028095479,0.05301,0.241632494716426,0.036414057713756
415,0.0102446688,0.0298150684931507,0.044,0.188524887,0.053005844,0.027974297,0.0526,0.242420700590677,0.0364404704251678
416,0.01021601924,0.0295,0.0435,0.189464003,0.0533243606666667,0.027825495,0.051964,0.243200199057968,0.0365093011127899
417,0.01019464552,0.029,0.043,0.19032985,0.0536622583333333,0.027671787,0.051328,0.244013743176652,0.0365480152164842
418,0.01017738812,0.029,0.043,0.191195697,0.054019537,0.027648552,0.050692,0.244833827224366,0.0365581041465621
419,0.01016042516,0.028445205479452,0.043,0.192086101,0.0544137383333333,0.027639918,0.050056,0.245609907331419,0.0366077689179786
420,0.01013936112,0.0282380952380953,0.043,0.1930462645,0.0548238583333333,0.027658484,0.04942,0.246404656537066,0.0366395421457556
421,0.01011309496,0.0289183673469388,0.043,0.194006428,0.055249897,0.027762428,0.049118,0.247273402094332,0.036651991158756
422,0.01008430888,0.0283972602739726,0.0423972602739726,0.194979638,0.0557017056666667,0.027726713,0.048816,0.248162287575329,0.0366932084929485
423,0.01005754968,0.028,0.042,0.196025595,0.0561622026666667,0.027670388,0.048514,0.249059047908342,0.0367420700128748
424,0.01003684508,0.028,0.042,0.197071552,0.056631388,0.027668598,0.048212,0.249850729834342,0.0367566835431349
425,0.010028484,0.0273537414965986,0.042,0.198113471,0.0571094853333333,0.027550877,0.04791,0.250668541577638,0.036783862812264
426,0.01003624432,0.027,0.042,0.199135728,0.0575872003333333,0.027509493,0.047796,0.251533818756706,0.0368274538623505
427,0.01005746076,0.027,0.0419931972789116,0.200157985,0.058064533,0.027570098,0.047682,0.252396778372762,0.0368358836800911
428,0.01008512672,0.027,0.041312925170068,0.201303229,0.0585337396666667,0.027547356,0.047568,0.253285348335196,0.0368666174419457
429,0.01011320044,0.027,0.041,0.2024384815,0.0589965213333333,0.027527097,0.047454,0.254180732960954,0.0369363797515515
430,0.01013238352,0.0269591836734694,0.041,0.203573734,0.059452878,0.027488814,0.04734,0.255136690074158,0.0369737687584399
431,0.0101350976,0.0262789115646259,0.041,0.204650015,0.0598960753333333,0.027356372,0.047702,0.256106998494476,0.0369997600488616
432,0.01011944476,0.0263986486486486,0.041,0.2057628035,0.0603338796666667,0.027331179,0.048064,0.257012275646333,0.0370809599952911
433,0.01008746376,0.0269256756756757,0.041,0.206875592,0.060766291,0.027326424,0.048426,0.257937698471342,0.0371231390177164
434,0.01004186228,0.02625,0.041,0.208188042,0.061192937,0.027277122,0.048788,0.25887926972766,0.0371217104849967
435,0.00998956308,0.026,0.0405743243243243,0.2092452795,0.061618967,0.027266997,0.04915,0.259756688972246,0.0371690874610818
436,0.00993742128,0.026,0.04,0.210302517,0.062044381,0.027290798,0.049712,0.260599544070201,0.0371981818308224
437,0.00989025224,0.026,0.04,0.211437315,0.062472649,0.027343061,0.050274,0.261441412538046,0.0371885623376539
438,0.00985298952,0.026,0.04,0.2126185595,0.0629034616666667,0.027371469,0.050836,0.262275634242428,0.0372393582320794
439,0.00982942276,0.026,0.04,0.213799804,0.063336819,0.027417986,0.051398,0.263114254216973,0.0373100330335855
440,0.00982098108,0.026,0.04,0.214887574,0.063775483,0.027484896,0.05196,0.263936990669798,0.037328989623219
441,0.00982793576,0.026,0.04,0.215981498,0.064215498,0.027579587,0.052248,0.264752023624566,0.0373846574009772
442,0.00985079384,0.026,0.04,0.217075422,0.064656864,0.027662664,0.052536,0.265578447064128,0.0374743384692589
443,0.0098873156,0.026,0.04,0.218079895,0.0650957453333333,0.027779547,0.052824,0.26640934177373,0.0375026618053028
444,0.00993444688,0.026,0.04,0.2191696245,0.065530341,0.027931197,0.053112,0.267220208561588,0.037544827887285
445,0.00998709504,0.0258456375838926,0.04,0.220259354,0.065960651,0.028078635,0.0534,0.26802369145567,0.0376432450228237
446,0.01004162484,0.0251744966442953,0.04,0.221282437,0.066377123,0.028242072,0.05368,0.268851615556776,0.0377423024215836
447,0.01009431192,0.025496644295302,0.04,0.222268,0.0667852483333333,0.028410552,0.05396,0.269674703705591,0.0378339309124674
448,0.01014316284,0.0258322147651007,0.04,0.223253563,0.067185027,0.028527377,0.05424,0.270495773858205,0.0379193480826738
449,0.01018761612,0.0251610738255034,0.04,0.224208578,0.0675669723333333,0.028716576,0.05452,0.271294377377764,0.0379987772781763
450,0.01022976736,0.025,0.04,0.2251458685,0.0679404593333333,0.028955094,0.0548,0.272076817999265,0.038067512555703
451,0.01026962132,0.025,0.04,0.226083159,0.068305488,0.029112356,0.054948,0.272891745816006,0.0381506215545845
452,0.0103078812,0.025,0.04,0.227011904,0.0686552846666667,0.029345904,0.055096,0.273670215781334,0.0382416569492944
453,0.01034481424,0.025,0.04,0.227869041,0.068999131,0.02955372,0.055244,0.274386327599665,0.0383161529509386
454,0.0103787396,0.025,0.04,0.228726178,0.069337027,0.029677596,0.055392,0.275148336664756,0.0383878448020447
455,0.01040753016,0.025,0.04,0.229559913,0.0696672103333333,0.029835902,0.05554,0.275960696087977,0.0384669891204221
456,0.01042988908,0.025,0.0394866666666667,0.230339542,0.069995941,0.029980446,0.05562,0.276847486704993,0.0385490250429728
457,0.01044311692,0.025,0.03918,0.231119171,0.070323219,0.030058973,0.0557,0.277698447221698,0.0386201506113565
458,0.01044578024,0.025,0.0398466666666667,0.231965467,0.0706514843333333,0.030140583,0.05578,0.278464602997246,0.038667679396876
459,0.01043908228,0.025,0.04,0.232707813,0.070981746,0.030224832,0.05586,0.279190146146963,0.0386985675160943
460,0.01042429712,0.02482,0.04,0.233450159,0.071314004,0.030292716,0.05594,0.279905541516983,0.0387481097858001
461,0.01040516784,0.0241533333333333,0.04,0.234141782,0.0716519186666667,0.030286992,0.056116,0.280630214502117,0.0388468292231156
462,0.01038783428,0.0245133333333333,0.0394866666666667,0.2348144425,0.071993412,0.030378404,0.056292,0.2813629530549,0.0388926117112572
463,0.01037674056,0.025,0.039,0.235487103,0.072338484,0.03048252,0.056468,0.282108694300913,0.0388880392209678
464,0.01037581284,0.025,0.039,0.236325592,0.0726910193333333,0.030537921,0.056644,0.282852839932456,0.0389247872596091
465,0.01038907396,0.0244933333333333,0.039,0.236952484,0.0730471033333333,0.030594519,0.05682,0.283566852282771,0.0389683430341698
466,0.01041722724,0.0241721854304636,0.039,0.237579376,0.073406736,0.030642713,0.057164,0.284251390677233,0.0390103309963617
467,0.01045843192,0.0248344370860927,0.039,0.238153547,0.073771598,0.030681755,0.057508,0.285025284382184,0.0390628672939372
468,0.01051294308,0.0245033112582781,0.039,0.2389181255,0.0741384786666667,0.030770937,0.057852,0.285790136962555,0.0391047209217914
469,0.0105791212,0.024,0.039,0.239682704,0.074507378,0.030818637,0.058196,0.286439866368073,0.0391390833261409
470,0.0106540786,0.024,0.039,0.240219265,0.0748790726666667,0.030846063,0.05854,0.287169801916466,0.0391987371539869
471,0.0107375294,0.024,0.039,0.240948461,0.0752517796666667,0.030912141,0.059294,0.287967349840696,0.0392691021083629
472,0.01082956188,0.0241523178807947,0.039,0.241677657,0.075625499,0.030947544,0.060048,0.288637940751403,0.0393196982925473
473,0.01092580184,0.0248145695364239,0.039,0.242316514,0.0759996516666667,0.030988539,0.060802,0.2892761332922,0.0393509177027377
474,0.01102449356,0.024523178807947,0.039,0.2430117725,0.07637368,0.031056549,0.061556,0.289968026318332,0.0393855577474149
475,0.01112399412,0.024,0.039,0.243707031,0.076747584,0.031171691,0.06231,0.290713397755645,0.0394357970164142
476,0.01121869216,0.024,0.039,0.244389385,0.077120838,0.031262835,0.06325,0.291476226396528,0.0394976242669141
477,0.01130424372,0.024,0.039,0.2451317235,0.0774947376666667,0.031316993,0.06419,0.292148420705437,0.0395580010383488
478,0.01138089552,0.024,0.039,0.245874062,0.077869283,0.031395632,0.06513,0.29289720849353,0.0396091045365984
479,0.01144590708,0.024,0.039,0.246621579,0.078247335,0.031496135,0.06607,0.293713546299246,0.0396445489693233
480,0.01150001032,0.024,0.039,0.2474123465,0.0786284473333333,0.031593305,0.06701,0.294446594098679,0.0396708107459007
481,0.01154866708,0.024,0.039,0.248203114,0.07901262,0.031603868,0.06776,0.295149912435432,0.0396938985785311
482,0.01159682476,0.024,0.039,0.249024153,0.079404784,0.031703432,0.06851,0.295896322761102,0.0397238284399868
483,0.01164782516,0.024,0.039,0.2497852595,0.07980171,0.031817102,0.06926,0.296659455001212,0.0397367198570063
484,0.011707092,0.024,0.039,0.250546366,0.080203398,0.031890135,0.07001,0.297455719879128,0.03974676660134
485,0.01177422932,0.024,0.039,0.25139302,0.0806158366666667,0.032061167,0.07076,0.298320683876965,0.0398051597828848
486,0.0118457672,0.024,0.039,0.25225237,0.0810340633333334,0.032166878,0.071554,0.29922300181451,0.0398736476139582
487,0.01191733936,0.024,0.0390596026490066,0.25311172,0.081458078,0.032174613,0.072348,0.300111268438842,0.0399338332597522
488,0.0119826562,0.024,0.0397218543046358,0.253964692,0.0818931,0.032309051,0.073142,0.30102473579658,0.0400142826993695
489,0.01203464972,0.024,0.04,0.254862651,0.0823330456666667,0.032452299,0.073936,0.301967509960901,0.040091416533304
490,0.01207199852,0.024,0.04,0.25576061,0.082777915,0.032626092,0.07473,0.30287367450023,0.0401707296897597
491,0.01209558436,0.024,0.04,0.25666967,0.083230843,0.032925203,0.075878,0.303744836966583,0.0402493519171744
492,0.01210825028,0.024,0.04,0.257588908,0.0836873316666667,0.033194748,0.077026,0.304636165400423,0.0403366689083544
493,0.01211798932,0.024,0.0400131578947368,0.258508146,0.084147381,0.033437627,0.078174,0.305605775873667,0.0404667187903637
494,0.01213356156,0.024,0.040671052631579,0.259518445,0.0846142583333333,0.033646604,0.079322,0.306597814886178,0.0406021431447183
495,0.01216002232,0.024,0.041,0.2605103555,0.0850844943333333,0.033969398,0.08047,0.307568573818046,0.0407272174165732
496,0.01220160012,0.024,0.041,0.261502266,0.085558089,0.034365725,0.081902,0.3085333364854,0.040882073223872
497,0.01226132804,0.024,0.041,0.262483686,0.0860375463333333,0.034833186,0.083334,0.309547712779108,0.0410707645876658
498,0.01233732708,0.024,0.0413026315789474,0.263518214,0.0865195293333333,0.035325569,0.084766,0.310599045371399,0.0412809068792856
499,0.01242765204,0.024,0.0419605263157895,0.264552742,0.087004038,0.035872659,0.086198,0.311622569897291,0.0415323070391599
500,0.0125319744,0.024,0.042,0.265616655,0.0874923106666667,0.036451803,0.08763,0.312669279771943,0.0418144578751239
501,0.01264865156,0.024,0.0422745098039216,0.266617909,0.0879823656666667,0.036998052,0.089142,0.313845919119869,0.0420917677467561
502,0.0127746358,0.024,0.0429281045751634,0.267619163,0.088474203,0.037707462,0.090654,0.315050449018175,0.0423978602564654
503,0.01290848056,0.024,0.0435855263157895,0.268643469,0.0889690556666667,0.03847386,0.092166,0.316154109326737,0.0427515784882883
504,0.01304767808,0.024,0.044,0.269709498,0.0894654516666667,0.03924713,0.093678,0.317316159024158,0.0431518149084484
505,0.01318843684,0.024,0.044,0.270775527,0.089963391,0.040114803,0.09519,0.318534361469726,0.0435727692413417
506,0.0133284344,0.024,0.0445555555555556,0.27179566,0.0904641256666667,0.041044595,0.096502,0.319683324418628,0.0440048460769729
507,0.0134667826,0.024,0.0452105263157895,0.272809401,0.0909666096666667,0.042036461,0.097814,0.320801050851662,0.0444598803393026
508,0.01360388556,0.024,0.0458684210526316,0.273823142,0.091470843,0.043134185,0.099126,0.321937447991911,0.0449514182367886
509,0.01374172368,0.024,0.0465228758169935,0.2748788,0.0919792576666667,0.04420626,0.100438,0.323120018984861,0.0455074286585425
510,0.01388416076,0.024,0.0471776315789474,0.276005313,0.0924903926666667,0.04531158,0.10175,0.324277308823309,0.0460983861316793
511,0.01403551964,0.024,0.0478355263157895,0.277131826,0.093004248,0.046655538,0.10262,0.325422268143126,0.0467157412425495
512,0.0142022182,0.024,0.0484901960784314,0.278207481,0.0935239433333333,0.047991437,0.10349,0.326600613975058,0.0473917785242762
513,0.01438896788,0.0238552631578947,0.0491447368421053,0.279315874,0.0940464616666667,0.049341794,0.10436,0.327805473837042,0.0481124834073788
514,0.0145996356,0.0231973684210526,0.0498026315789474,0.280424267,0.094571803,0.050741826,0.10523,0.328957650427788,0.0488241384735868
515,0.0148353348,0.0234575163398693,0.0509150326797386,0.281530797,0.0951012776666667,0.052271633,0.1061,0.330111857276971,0.0495770249476298
516,0.0150930022,0.024,0.0521111111111111,0.282641202,0.0956320746666667,0.053748884,0.106878,0.331276848789457,0.0503913255424683
517,0.01536492996,0.024,0.0527647058823529,0.283751607,0.096164194,0.055256216,0.107656,0.332465070375316,0.0512938479643805
518,0.01564266164,0.024,0.0534210526315789,0.284830004,0.0966979426666667,0.056775629,0.108434,0.333675769012754,0.0522408374843598
519,0.01591590624,0.024,0.054078431372549,0.2859545795,0.0970988676666667,0.058347681,0.109212,0.33488817718633,0.0531538527405258
520,0.016177324,0.024,0.0547320261437909,0.287079155,0.097366969,0.059912256,0.10999,0.336059184850098,0.054076291704501
521,0.016424763,0.024,0.0553856209150327,0.288185477,0.097901607,0.061504919,0.110774,0.337159585540801,0.0550012222961828
522,0.01665960216,0.024,0.0560392156862745,0.289299294,0.0984355403333334,0.062964642,0.111558,0.338231720593719,0.0559162366098787
523,0.0168857236,0.024,0.0566928104575163,0.290413111,0.098968769,0.06438228,0.112342,0.339273640806008,0.0568228160863211
524,0.01711009688,0.024,0.0573464052287582,0.291519195,0.0995000723333333,0.065841144,0.113126,0.340281142392119,0.0577282757972524
525,0.01733702972,0.024,0.058,0.2926418635,0.1000312,0.067191221,0.11391,0.341288754543919,0.0586310379527229
526,0.01756882088,0.024,0.0586535947712418,0.293764532,0.100562152,0.068495903,0.114648,0.342326475045455,0.0595254255454448
527,0.01780665996,0.024,0.0593071895424837,0.294950426,0.101094326,0.069784052,0.115386,0.343386359430397,0.0604116919021276
528,0.01804937936,0.024,0.0599607843137255,0.296044767,0.101627999666667,0.071024834,0.116124,0.344438423621847,0.0612865865697086
529,0.0182934076,0.024,0.0606184210526316,0.297139108,0.102163173,0.07226039,0.116862,0.345467571695705,0.0621233601001043
530,0.01853761832,0.024,0.061,0.298149437,0.102701854333333,0.073446065,0.1176,0.346448148063182,0.0628767124150378
531,0.01878063472,0.024,0.061,0.299328551,0.103242508333333,0.074505606,0.118572,0.347408017593144,0.0635944026298241
532,0.01902346776,0.024,0.0615816993464052,0.300507665,0.103785135,0.075451616,0.119544,0.348360189672014,0.0643184490735747
533,0.01926934512,0.024,0.062,0.301634073,0.104331256333333,0.076334967,0.120516,0.349351732716217,0.0650070237665839
534,0.0195238306,0.024,0.062,0.3027798235,0.104878729,0.077177298,0.121488,0.350346402436787,0.0656689698357536
535,0.01979172376,0.024,0.0625359477124183,0.303925574,0.105427553,0.077926734,0.12246,0.351332920650486,0.0663059977680191
536,0.02008005396,0.024,0.063,0.305017233,0.105977939,0.078627917,0.123538,0.352266815291914,0.0669123079839351
537,0.02039151228,0.024,0.063,0.30612877,0.106528361333333,0.079286091,0.124616,0.353162622751637,0.0674908076004444
538,0.02072918112,0.024,0.063,0.307240307,0.10707882,0.079883321,0.125694,0.35413454313202,0.0680330868365016
539,0.02109346188,0.024,0.063,0.308314949,0.107628650666667,0.080455659,0.126772,0.355095575572704,0.0685523169208851
540,0.02148553912,0.024,0.063,0.3093925115,0.108177659666667,0.081003621,0.12785,0.355995644395774,0.0690480665667086
541,0.02190284956,0.024,0.0634575163398693,0.310470074,0.108725847,0.08150763,0.129178,0.356957753813542,0.0695504341261048
542,0.02234503068,0.0241111111111111,0.064,0.311510742,0.109272509,0.081972555,0.130506,0.357956122586831,0.0700564494643331
543,0.0228083302,0.0247647058823529,0.064,0.3126201035,0.109817857,0.0824157,0.131834,0.358829114645451,0.0705403539194218
544,0.02329383496,0.025,0.064,0.313729465,0.110361891,0.082845555,0.133162,0.359704507574632,0.0710172692384499
545,0.02379959452,0.025,0.064,0.31476897,0.110902513,0.083289698,0.13449,0.360661576751428,0.0714934109825443
546,0.02432740824,0.025,0.064,0.3158165065,0.111440753,0.083739845,0.136336,0.361586383366663,0.0719531835325536
547,0.02487947352,0.025,0.064,0.316864043,0.111976611,0.084195803,0.138182,0.362495118241255,0.072390995378545
548,0.02546059688,0.025,0.064,0.317959398,0.112507094333333,0.084574806,0.140028,0.363423464920165,0.0728214744849544
549,0.02606982496,0.025,0.064,0.318955913,0.113034158666667,0.084995721,0.141874,0.364342143088037,0.0732378381242219
550,0.02670911372,0.025,0.064,0.319952428,0.113557804,0.085440897,0.14372,0.365244336559552,0.0736330738712462
551,0.02737855184,0.025,0.064,0.32100445,0.114073863333333,0.085865178,0.146002,0.366184623798373,0.0740063028252143
552,0.02807851048,0.0256363636363637,0.064,0.322040349,0.114585569,0.086184996,0.148284,0.367100310938984,0.0743550306011979
553,0.028809107,0.026,0.064,0.323076248,0.115092921,0.086440322,0.150566,0.367980142462706,0.0746738676475616
554,0.0295746008,0.026,0.064,0.324079186,0.115591707,0.086635989,0.152848,0.368862303499399,0.074960184492156
555,0.03037893,0.026,0.06340522875817,0.325081766,0.115961700666667,0.086827475,0.15513,0.369756277834966,0.0751960864336228
556,0.0312226118,0.026,0.063,0.326084346,0.116202902,0.086970033,0.15788,0.370667176299626,0.0753568741496392
557,0.03210491432,0.026,0.063,0.327069223,0.116689692666667,0.087051111,0.16063,0.371586523297826,0.075480254707921
558,0.03302196792,0.026,0.063,0.3280364275,0.117172679666667,0.087004586,0.16338,0.372514933203661,0.0755750842817619
559,0.03396184252,0.0262026143790849,0.0627973856209151,0.329003632,0.117651863,0.086872991,0.16613,0.373455973574973,0.0756452164597335
560,0.03490937132,0.0268562091503268,0.0621437908496732,0.329865515,0.118123785,0.086675783,0.16888,0.374378755957173,0.0756829360787898
561,0.0358526998,0.027,0.062,0.330826178,0.118592055,0.086445963,0.171842,0.375264454830974,0.075690056308206
562,0.03677618276,0.027,0.0618376623376623,0.331786841,0.119056673,0.086136404,0.174804,0.376152976997514,0.0756804972502772
563,0.0376690678,0.027,0.0611883116883117,0.332723081,0.119514059,0.085767795,0.177766,0.377032168120232,0.0756446765912788
564,0.03852852648,0.027,0.0605359477124183,0.333598107,0.119967399,0.085327595,0.180728,0.377924455287718,0.0755399683573002
565,0.03935017152,0.027,0.06,0.334473133,0.120416693,0.084817521,0.18369,0.37883156569321,0.0753899786498091
566,0.04012962172,0.027,0.06,0.33540082,0.120857213,0.084268964,0.186258,0.37976129315936,0.0752040273802174
567,0.0408665964,0.027,0.0595816993464052,0.336224422,0.121292755,0.083682723,0.188826,0.380674005432146,0.074968747541779
568,0.04155319292,0.027,0.0589281045751634,0.337048024,0.121723319,0.082996073,0.191394,0.381536441706716,0.0746938948541065
569,0.04217931232,0.027,0.0582745098039216,0.337851912,0.122143386333333,0.082332108,0.193962,0.382361011277123,0.0743810756938407
570,0.04274208176,0.027,0.058,0.3386677355,0.122557820333333,0.081704208,0.19653,0.383228738487662,0.0740368224811179
571,0.04323438928,0.027,0.0579738562091504,0.339483559,0.122966621,0.081029684,0.197838,0.384132104912548,0.0736783445953349
572,0.04365044956,0.027,0.0573202614379085,0.340274066,0.123362995666667,0.080298528,0.199146,0.38499946349717,0.0733269459251311
573,0.04399092856,0.027,0.0566688311688312,0.3410896215,0.123752163333333,0.079623675,0.200454,0.385837341344915,0.0729745983771925
574,0.04425838824,0.027,0.0560194805194805,0.341905177,0.124134124,0.079127946,0.201762,0.386659347806268,0.0726234359678354
575,0.04445186132,0.027,0.0553660130718954,0.34275797,0.124499904666667,0.078631541,0.20307,0.387528967788961,0.0722968431467221
576,0.04457837724,0.027,0.055,0.343657091,0.124856783,0.078146712,0.20311,0.38841901526787,0.0719901569629922
577,0.04464275212,0.027,0.055,0.344556212,0.125204759,0.077676138,0.20315,0.389249064697568,0.0716914772764724
578,0.04465032488,0.027,0.0544090909090909,0.345527858,0.125533729,0.077238002,0.20319,0.390072499562033,0.0714096072359739
579,0.04460393304,0.027,0.0537581699346405,0.346462548,0.125852282666667,0.076815615,0.20323,0.390890091689973,0.0711516435821722
580,0.04450996936,0.027,0.0531045751633987,0.347397238,0.12616042,0.076423712,0.20327,0.391678717687401,0.0709334978540259
581,0.04437712128,0.027,0.053,0.348295033,0.126447178666667,0.076078937,0.202734,0.39246726967216,0.0707281749511639
582,0.04422025628,0.027,0.0528039215686275,0.349201903,0.126722855333333,0.075762407,0.202198,0.393257518529062,0.0705231607268224
583,0.04406001816,0.027,0.0521503267973856,0.350108773,0.12698745,0.075457271,0.201662,0.394042489458273,0.070328564925385
584,0.04392527276,0.027,0.052,0.350932896,0.127230308666667,0.075153204,0.201126,0.394809184414441,0.0701442824788402
585,0.04384720724,0.0268496732026144,0.052,0.351506382,0.127462439333333,0.074905964,0.20059,0.395539265877162,0.0699717198265113
586,0.04385173932,0.0261960784313725,0.052,0.352079868,0.127683842,0.074666541,0.200328,0.396250351745429,0.0697896261342397
587,0.043961152,0.026,0.0515454545454545,0.352609843,0.12788413,0.074425527,0.200066,0.396954592313323,0.0695885331433567
588,0.04418446936,0.026,0.051,0.352891609,0.128074237,0.074198337,0.199804,0.397618359735339,0.0694060706427134
589,0.04452122552,0.026,0.051,0.353173375,0.128254163,0.073954913,0.199542,0.398336846873398,0.0692536227841282
590,0.04495813508,0.026,0.051,0.353207707,0.128347758333333,0.073710897,0.19928,0.399174530424673,0.0691288449572779
591,0.04547369304,0.026,0.0509411764705882,0.3533017635,0.128469389666667,0.073527452,0.200022,0.400002164430238,0.0690066415089725
592,0.04604116764,0.026,0.0502875816993464,0.35339582,0.128619057,0.073361004,0.200764,0.40076896019178,0.0688975051096042
593,0.04663953604,0.026,0.05,0.353747904,0.128750346333333,0.073197213,0.201506,0.401505185276773,0.0688245345491854
594,0.0472449554,0.026,0.05,0.3540888425,0.128873155,0.073021532,0.202248,0.402213187800624,0.0687568336835086
595,0.0478382156,0.026,0.05,0.354429781,0.128987483,0.072862455,0.20299,0.402878312694576,0.0686710691615504
596,0.0484014496,0.026,0.05,0.354682863,0.129086645666667,0.072751769,0.204722,0.403633638086421,0.0686153343104551
597,0.04891089972,0.026,0.05,0.3553153875,0.129179326666667,0.072699572,0.206454,0.404423497091707,0.0685723667268002
598,0.04933647604,0.026,0.0493790849673203,0.355947912,0.129265526,0.072571797,0.208186,0.40515718727328,0.068495701543324
599,0.04964792404,0.026,0.049,0.356696039,0.129340714,0.072412197,0.209918,0.405899537040674,0.068418994200549
600,0.0498132002,0.026,0.049,0.357227057,0.129411359666667,0.072237644,0.21165,0.406651961457033,0.0683490586367466
601,0.04980936636,0.026,0.049,0.357758075,0.129477463,0.072107141,0.212902,0.407351870583745,0.0682450676045218
602,0.04962594612,0.026,0.049,0.358131409,0.129536319,0.071901146,0.214154,0.408025867048173,0.0681263458344858
603,0.04926235156,0.026,0.049,0.358454585,0.129592777333333,0.071654306,0.215406,0.408746232518442,0.0679948507114811
604,0.04872851792,0.026,0.0484675324675325,0.358777761,0.129646838,0.071378051,0.216658,0.409440745230078,0.0678183598351741
605,0.04804520792,0.0258169934640523,0.048,0.359211236,0.12969944,0.071055119,0.21791,0.410119153650103,0.0676058261276948
606,0.04723471828,0.0251633986928105,0.048,0.359708145,0.129752713666667,0.070690623,0.217392,0.410817184847523,0.0673835547791581
607,0.04632311504,0.025,0.048,0.360205054,0.129806659,0.070279134,0.216874,0.411470402722489,0.0671207971850651
608,0.0453379028,0.025,0.0478627450980392,0.360334307,0.129863405,0.069821426,0.216356,0.412096491187636,0.0668146875678619
609,0.0443067762,0.025,0.0472091503267974,0.360342577,0.129922093333333,0.069317483,0.215838,0.412742367591048,0.066522356058963
610,0.04325573192,0.025,0.047,0.360350847,0.129982724,0.068766318,0.21532,0.413417241647831,0.0662366612386003
611,0.04221085784,0.0249084967320262,0.047,0.361051559,0.130047245333333,0.068151773,0.213386,0.41407904054975,0.0659252508297291
612,0.0411931112,0.0242549019607843,0.047,0.3620530665,0.130113278333333,0.06760427,0.211452,0.414761248499354,0.065604045077165
613,0.04021970516,0.024,0.0466038961038961,0.363054574,0.130180823,0.067066772,0.209518,0.415453979239415,0.0652714577573211
614,0.03930362176,0.024,0.046,0.363894165,0.130248739666667,0.066496139,0.207584,0.416080619563054,0.0649089829247819
615,0.03845234104,0.024,0.046,0.3648765685,0.130315534,0.065893127,0.20565,0.416728610022376,0.0645608344064423
616,0.0376674902,0.024,0.046,0.365858972,0.130381206,0.065313075,0.203884,0.417392402163901,0.0642574015552556
617,0.03695085044,0.024,0.046,0.366761386,0.130444233333333,0.064777793,0.202118,0.41799733002323,0.0639359159010285
618,0.03630381976,0.024,0.046,0.367401823,0.130506758666667,0.064328454,0.200352,0.418601358288489,0.0636411833851011
619,0.03572562936,0.024,0.046,0.36804226,0.130568782,0.063950825,0.198586,0.419239683217619,0.0634245915978449
620,0.03521716372,0.024,0.046,0.368286192,0.130633762,0.063607641,0.19682,0.419861193223245,0.0632079557562091
621,0.03477924376,0.024,0.0453921568627451,0.368563965,0.130702226,0.063173544,0.195734,0.420458307386174,0.0629896670050464
622,0.03440830548,0.024,0.045,0.368841738,0.130774174,0.062919393,0.194648,0.421028980141798,0.0628434732224354
623,0.03409848076,0.024,0.045,0.369146496,0.130821953333333,0.062739848,0.193562,0.421615147002609,0.0627288980777453
624,0.03384219304,0.024,0.045,0.3692379445,0.130890528333333,0.06258027,0.192476,0.422246658142213,0.0626148630604499
625,0.03362875768,0.024,0.045,0.369329393,0.130979899,0.062465775,0.19139,0.422883990825679,0.0625329312171759
626,0.03344842196,0.024,0.045,0.369506925,0.131080510333333,0.062364366,0.190286,0.423502678572926,0.0624829744748032
627,0.03329241432,0.024,0.044483660130719,0.369771868,0.131185622,0.0622722,0.189182,0.424068534249932,0.062448018227119
628,0.03315303096,0.024,0.044,0.370036811,0.131295234,0.06226385,0.188078,0.424661851282412,0.0624398043601335
629,0.03302836732,0.024,0.044,0.370369017,0.131410056,0.062225768,0.186974,0.425305472778378,0.0624510086476205
630,0.03292030404,0.024,0.044,0.3708004505,0.131524578333333,0.062155443,0.18587,0.425925982077575,0.062455974081448
631,0.03283260084,0.024,0.044,0.371231884,0.131638801,0.062026148,0.184844,0.426552761477232,0.0624362571882357
632,0.03277581896,0.024,0.044,0.37166369,0.131747717666667,0.061867992,0.183818,0.427224668299423,0.0623625374139901
633,0.03276414828,0.024,0.044,0.3720185165,0.13185226,0.061639023,0.182792,0.427819367094822,0.0622509803340117
634,0.0328100704,0.024,0.0439220779220779,0.372373343,0.131952428,0.061268948,0.181766,0.428360128399086,0.0621083334587846
635,0.03292678164,0.024,0.0432727272727273,0.372692198,0.132042653333333,0.06080486,0.18074,0.42896499483891,0.0619340725942379
636,0.03312518856,0.024,0.043,0.3730030955,0.13212739,0.060268838,0.179926,0.429581013864896,0.0617100909609879
637,0.033407502,0.024,0.043,0.373313993,0.132206638,0.059660786,0.179112,0.430190477357758,0.0614107803047876
638,0.03376805636,0.024,0.043,0.373662055,0.132275331333333,0.058970498,0.178298,0.430764698144634,0.0610509578924363
639,0.03419284516,0.024,0.0426666666666667,0.374015972,0.132338339666667,0.058187301,0.177484,0.431356705430745,0.0606474118943209
640,0.03465833952,0.024,0.0420130718954248,0.374369889,0.132395663,0.057319164,0.17667,0.431976085867461,0.0601799841985635
641,0.03513676928,0.024,0.042,0.374725521,0.132441786333333,0.056358771,0.17582,0.432617843913928,0.0596554091215246
642,0.03559579448,0.024,0.0417124183006536,0.37508668,0.132481527666667,0.055356951,0.17497,0.433249641137444,0.0591061513709995
643,0.03600184908,0.024,0.0410588235294118,0.375447839,0.132514887,0.054356142,0.17412,0.433820693434025,0.0585752988498789
644,0.03632310788,0.024,0.041,0.375829786,0.132533973,0.053388593,0.17327,0.434392449250058,0.0580330692701238
645,0.03652686,0.024,0.041,0.376168847,0.132544712,0.05257011,0.17242,0.435030000522418,0.057470212396141
646,0.03657635816,0.024,0.041,0.376507908,0.132547104,0.051735762,0.171744,0.435564734855999,0.0569074696449605
647,0.03644097772,0.024,0.0404545454545455,0.376947045,0.132530660666667,0.050852694,0.171068,0.436038404363505,0.056367735278754
648,0.03609631004,0.024,0.04,0.3773195145,0.132503405,0.050088332,0.170392,0.436654504278208,0.0558902948288362
649,0.03552515284,0.024,0.04,0.377691984,0.132465337,0.049388579,0.169716,0.437300763067842,0.0554388059191717
650,0.0347259736,0.024,0.04,0.378053457,0.132403385666667,0.048775031,0.16904,0.437950278526272,0.0550292207590757
651,0.033716886,0.024,0.04,0.378333971,0.132328256666667,0.048360335,0.167178,0.438622791929679,0.0546828040509003
652,0.03252610924,0.024,0.04,0.378614485,0.13223995,0.047897271,0.165316,0.439268696769568,0.0543741004668845
653,0.0311867584,0.024,0.0395490196078431,0.379018664,0.132123947333333,0.047448605,0.163454,0.43978797536577,0.0540635758661756
654,0.02973636708,0.024,0.039,0.379459634,0.131993736,0.047076887,0.161592,0.44026498324245,0.0537689634446047
655,0.02821214792,0.024,0.039,0.379900604,0.131849316,0.046629867,0.15973,0.440786398432032,0.0534484909102171
656,0.02664609564,0.024,0.039,0.380209118,0.1317835,0.046081505,0.154714,0.441572722282258,0.0530563391023841
657,0.0250679014,0.0239415584415584,0.039,0.380532995,0.131656821666667,0.045432342,0.149698,0.442436699429412,0.0526026813848382
658,0.02350899904,0.0232922077922078,0.039,0.380856872,0.131469281,0.044824314,0.144682,0.443173722204054,0.0521064090981066
659,0.02200172052,0.023,0.039,0.381209046,0.131257619666667,0.044071898,0.139666,0.443768418313634,0.0515184225441708
660,0.02057587284,0.023,0.039,0.3815517875,0.131038277333333,0.043239824,0.13465,0.444277401543218,0.0508695563576976
661,0.01925917504,0.023,0.039,0.381894529,0.130811254,0.042485541,0.128816,0.444817686968242,0.0502315921791006
662,0.01807498144,0.0233137254901961,0.039,0.382134557,0.13057898,0.041756142,0.122982,0.445391107965159,0.0495672159128519
663,0.01704058172,0.0239673202614379,0.039,0.3825198265,0.130350039333333,0.041004021,0.117148,0.446005945210045,0.0488907510526267
664,0.0161637706,0.0233831168831169,0.039,0.382905096,0.130124432,0.040173885,0.111314,0.446605706110607,0.0482439739353219
665,0.01544472296,0.0232679738562091,0.039,0.383305401,0.129916462,0.039558471,0.10548,0.447211637010826,0.0476317461317427
666,0.01487714928,0.023921568627451,0.039,0.38367939,0.129722771666667,0.038992233,0.102058,0.447802690652709,0.0470637732621175
667,0.01445055848,0.024,0.039,0.384053379,0.129543361,0.038450553,0.098636,0.448405795937642,0.0465558024610233
668,0.01415143096,0.024,0.039,0.38437587,0.129401908333333,0.038144517,0.095214,0.449035205314467,0.0461248087558035
669,0.01396574176,0.024,0.039,0.3848291485,0.129283003333333,0.037891805,0.091792,0.449696590931189,0.0457455330900726
670,0.0138806858,0.024,0.039,0.385282427,0.129186646,0.037692809,0.08837,0.450320435807451,0.0454483025935494
671,0.01388471236,0.024,0.0391764705882353,0.385683894,0.129141128,0.037581023,0.08796,0.450898144915071,0.0452404036291199
672,0.01396741736,0.024,0.0398300653594771,0.3860666005,0.129122672,0.037641588,0.08755,0.451537904929249,0.0450801975076095
673,0.01411878824,0.0244805194805195,0.04,0.386449307,0.129131278,0.037770267,0.08714,0.452175575022968,0.0449762763299278
674,0.01433167388,0.025,0.0401298701298702,0.386931539,0.129196404666667,0.037901532,0.08673,0.452822086258395,0.0449453867142438
675,0.01460042248,0.025,0.0407792207792208,0.3873188945,0.129290196333333,0.038266661,0.08632,0.453467773708256,0.0449570463717859
676,0.0149218968,0.025,0.041,0.38770625,0.129412653,0.038677898,0.088398,0.454088377963837,0.0450218252511058
677,0.01529571724,0.025,0.0410844155844156,0.388173401,0.129591170333333,0.039082163,0.090476,0.454669041879344,0.0451706222040488
678,0.01572631336,0.025,0.0417337662337663,0.3886456935,0.129796612,0.03969657,0.092554,0.455223865864969,0.0453550713375729
679,0.01622303648,0.0253856209150327,0.0423856209150327,0.389117986,0.130028978,0.040408394,0.094632,0.455787976412802,0.045575948863115
680,0.01680285496,0.026,0.043038961038961,0.38957727,0.130312374666667,0.041204403,0.09671,0.456417906295491,0.0459150065998486
681,0.01749291444,0.026,0.0436883116883117,0.390056983,0.130620205666667,0.042076433,0.102644,0.457038098838962,0.0463625319099485
682,0.01833341432,0.026,0.0443398692810457,0.390536696,0.130952471,0.043197756,0.108578,0.457573003870263,0.0469128054321135
683,0.01937665612,0.026,0.0449934640522876,0.390952021,0.131329932333333,0.04447451,0.114512,0.458129076395999,0.0476546483994673
684,0.02068467628,0.0266428571428572,0.0456428571428572,0.3914240895,0.131726984,0.046021607,0.120446,0.458671682802249,0.0486030977668409
685,0.02232483076,0.027,0.0462922077922078,0.391896158,0.132143626,0.048060623,0.12638,0.459031386346519,0.0497192368937169
686,0.02436386568,0.027,0.0469415584415584,0.392289162,0.132591205333333,0.050404344,0.139658,0.459445439715012,0.0511768912455498
687,0.02686574864,0.027,0.0475947712418301,0.392812118,0.132935638,0.053025846,0.152936,0.460111432106976,0.0531155072127354
688,0.02988771796,0.0272467532467533,0.0484935064935065,0.393335074,0.133176924,0.056093625,0.166214,0.460930787237471,0.0553161414526035
689,0.03347992416,0.0278961038961039,0.0497922077922078,0.393756866,0.133644578,0.059401332,0.179492,0.46175092268874,0.0575970036740933
690,0.03769437212,0.0285490196078431,0.0510980392156863,0.394233316,0.134115789333333,0.062877459,0.19277,0.462381936086901,0.0601383381455934
691,0.04258786056,0.0292012987012987,0.0524025974025973,0.394709766,0.134590558,0.066991428,0.211882,0.462822114824617,0.0628954046108243
692,0.04821492036,0.0298506493506493,0.0537012987012987,0.39516741,0.135064552,0.071738468,0.230994,0.463166956959915,0.0659581772351319
693,0.0546333732,0.0305,0.056,0.3955662695,0.1355351,0.077145402,0.250106,0.46359500139261,0.069360842760914
694,0.06190224384,0.0311503267973856,0.0584509803921569,0.395965129,0.136002202,0.083214324,0.269218,0.464137052091568,0.0731197964532392
695,0.0700716578,0.0318039215686275,0.0604117647058824,0.396411508,0.136458024666667,0.08976681,0.28833,0.464841500030317,0.0770828190964974
696,0.07917780444,0.0329090909090909,0.0628181818181818,0.396977484,0.136907217,0.096346545,0.305866,0.465494986713995,0.081135090927502
697,0.0892478038,0.0342077922077922,0.0654155844155843,0.39754346,0.137349779,0.103273692,0.323402,0.466036800680887,0.0852496834598781
698,0.10028945076,0.0355064935064935,0.068012987012987,0.398029506,0.137778328333333,0.110829474,0.340938,0.466490375042614,0.0895863563725186
699,0.11228102368,0.0368104575163399,0.0714313725490197,0.398418918,0.138199803,0.118528677,0.358474,0.466933014169572,0.0941353321242164
700,0.1251550234,0.0381753246753247,0.0752922077922079,0.39880833,0.138614203,0.126586434,0.37601,0.467359204931708,0.0988188787683803
701,0.1388016644,0.0401233766233766,0.078538961038961,0.399247915,0.139014125,0.135188876,0.38816,0.467920520502818,0.103540821393283
702,0.15306492768,0.0424285714285713,0.082142857142857,0.3997237985,0.139407133,0.144209793,0.40031,0.468539875926482,0.108249602423091
703,0.16775298384,0.0450196078431372,0.0860392156862745,0.400199682,0.139793227,0.153374285,0.41246,0.469166717035849,0.112915141752617
704,0.18266110984,0.0469803921568628,0.0899607843137255,0.400593787,0.140165974333333,0.16233174,0.42461,0.46972352702656,0.117484634463685
705,0.19760466592,0.0495584415584417,0.0941818181818183,0.4010358005,0.140531714,0.171484815,0.43676,0.470234413055338,0.121991930088994
706,0.2124094244,0.052805194805195,0.098727272727273,0.401477814,0.140890446,0.180695685,0.4444,0.470795387770463,0.126439048082936
707,0.22690510732,0.0560519480519481,0.102662337662338,0.402064979,0.141235060666667,0.189979473,0.45204,0.471350853802502,0.130811254815341
708,0.240914559,0.0595584415584415,0.106818181818182,0.4025372415,0.141573105333333,0.199517555,0.45968,0.471866120488906,0.135083551049043
709,0.25427326604,0.0634545454545455,0.111363636363636,0.403009504,0.14190458,0.209086125,0.46732,0.472381984358563,0.139289621285042
710,0.26684118788,0.067372549019608,0.115934640522876,0.403396219,0.142228162,0.21879132,0.47496,0.472921282136406,0.143412010583287
711,0.27856828928,0.0715000000000001,0.1205,0.403829068,0.142550539666667,0.228657921,0.4798,0.473423678738289,0.147426195428277
712,0.28955740216,0.0760454545454544,0.125045454545454,0.404261917,0.142871713,0.238573241,0.48464,0.47392134203096,0.151358768953725
713,0.30007510868,0.081103896103896,0.129590909090909,0.40474984,0.143194207666667,0.248463033,0.48948,0.474407475856122,0.15518920208275
714,0.31047600804,0.0862987012987013,0.134136363636364,0.405199885,0.143518269333333,0.258180417,0.49432,0.474833731488966,0.15889191539028
715,0.32113905408,0.0914935064935066,0.138681818181818,0.40564993,0.143843898,0.267870752,0.49916,0.475029478940436,0.162386767586337
716,0.33232647264,0.0971764705882353,0.143248366013072,0.406056613,0.144174075333333,0.278013788,0.502778,0.474919629251566,0.165794982040045
717,0.34404388156,0.103168831168831,0.147818181818182,0.406531021,0.144507774,0.288879273,0.506396,0.474859508657846,0.169253555956465
718,0.3560261238,0.109662337662338,0.152363636363636,0.407005429,0.144844994,0.29992518,0.510014,0.475068250187951,0.172896907589929
719,0.3678377196,0.116155844155844,0.156493506493507,0.407522231,0.145013466666667,0.310716905,0.513632,0.475818417343851,0.176397977377986
720,0.37896838956,0.122649350649351,0.16038961038961,0.407952681,0.145273529333333,0.320310719,0.51725,0.476828013601032,0.179586521549454
721,0.38901935468,0.129142857142857,0.164285714285714,0.408383131,0.145625182,0.328792892,0.520672,0.477758522638553,0.182273845259349
722,0.39784684548,0.136,0.168181818181818,0.408769518,0.145978696,0.33711789,0.524094,0.47811331356736,0.184655114543968
723,0.4056492942,0.143130718954248,0.172065359477124,0.409106314,0.146330192666667,0.345630696,0.527516,0.47825618961811,0.187061580552966
724,0.41282019476,0.149666666666667,0.175333333333333,0.40944311,0.146679672,0.354536928,0.530938,0.478579674637294,0.18960244480566
725,0.41978583676,0.1565,0.178590909090909,0.409876645,0.147021162666667,0.36294053,0.53436,0.479115995883053,0.192070419345372
726,0.42681447928,0.163642857142857,0.181837662337662,0.4103365095,0.147358059,0.370898096,0.537728,0.479763290513413,0.194247390036016
727,0.43401014648,0.170168831168831,0.185084415584416,0.410796374,0.147690361,0.378338952,0.541096,0.480239281181396,0.196226469992563
728,0.44116254416,0.176928571428571,0.188064935064935,0.411298931,0.148010641666667,0.385411338,0.544464,0.480745652094764,0.198097752351961
729,0.44790729092,0.184071428571429,0.190662337662338,0.4116695225,0.148324739333333,0.392127795,0.547832,0.481341154778322,0.199897716248973
730,0.4539155056,0.190084415584416,0.19325974025974,0.412040114,0.148632654,0.39841478,0.5512,0.481901884216257,0.201551265704763
731,0.459049358,0.196142857142857,0.195857142857143,0.412614048,0.148927438666667,0.40419879,0.554318,0.482509541139503,0.203057065006531
732,0.46327030036,0.202636363636363,0.198454545454545,0.413030714,0.149216617,0.409488821,0.557436,0.483334785490885,0.20442032447402
733,0.46674552676,0.208103896103896,0.200538961038961,0.41344738,0.149500189,0.414405761,0.560554,0.484036618251175,0.205660919535539
734,0.46974847168,0.213298701298701,0.202487012987013,0.413783133,0.149773703666667,0.419152245,0.563672,0.484547824702777,0.206841240471743
735,0.4725852568,0.218493506493507,0.204435064935065,0.4142660795,0.150042733,0.42370416,0.56679,0.48499682433434,0.208004190496778
736,0.47546750132,0.223688311688312,0.206383116883117,0.414749026,0.150307277,0.42811647,0.569392,0.485470497355394,0.209140107503275
737,0.47853445464,0.228772727272727,0.208220779220779,0.415117085,0.150562694333333,0.432382592,0.571994,0.486012144307506,0.210203150254396
738,0.48179164596,0.233318181818182,0.209519480519481,0.4154067785,0.150812941,0.436205078,0.574596,0.486575321074948,0.211236004143432
739,0.4851948988,0.237454545454545,0.210818181818182,0.415696472,0.151058017,0.439845321,0.577198,0.487162074733594,0.212232169350382
740,0.48857820556,0.241350649350649,0.212116883116883,0.41621244,0.151292375,0.443226714,0.5798,0.487733053670538,0.213173695077773
741,0.49177615548,0.245246753246753,0.213415584415584,0.416700259,0.151521457,0.446426955,0.58173,0.488338956115199,0.214069300353687
742,0.49465359612,0.248785714285714,0.214357142857143,0.417188078,0.151745263,0.449314302,0.58366,0.488986657642206,0.214922888435213
743,0.49715404216,0.252032467532468,0.215012987012987,0.41761744,0.151959255666667,0.451992677,0.58559,0.489583831142146,0.215724317699332
744,0.4992441276,0.255279220779221,0.216311688311688,0.418028116,0.152168131333333,0.454484966,0.58752,0.490123093996417,0.216494619972847
745,0.50100758884,0.258220779220779,0.217305194805195,0.418438792,0.15237189,0.456762714,0.58945,0.490604640546192,0.217247815084991
746,0.50252655112,0.260818181818182,0.217954545454545,0.418878049,0.152566714,0.458897057,0.590922,0.491097900618918,0.217975346085628
747,0.50390526592,0.263415584415584,0.218603896103896,0.4192118495,0.152757958,0.460868678,0.592394,0.491630076409365,0.218681453441968
748,0.50525373964,0.26575974025974,0.219253246753247,0.41954565,0.152945622,0.462724841,0.593866,0.492215983091949,0.21937390214381
749,0.50665556244,0.267707792207792,0.219902597402597,0.41996488,0.153035043333333,0.464501693,0.595338,0.492793253492403,0.220028878912794
750,0.5081302252,0.269655844155844,0.220551948051948,0.4203874025,0.153170931666667,0.466186983,0.59681,0.493372459792371,0.220643278598011
751,0.50973936272,0.2714,0.221,0.420809925,0.153353287,0.467666712,0.597968,0.494006189272333,0.221253245576232
752,0.5115066882,0.272690322580645,0.221,0.421051264,0.153533115,0.468985478,0.599126,0.494614251904377,0.221852424061765
753,0.51340299376,0.27448051948052,0.221493506493507,0.4214930385,0.153713483333333,0.470226402,0.600284,0.495143875992183,0.222446459103248
754,0.51539420004,0.276285714285714,0.222,0.421934813,0.153894392,0.471445182,0.601442,0.495699722424699,0.222998419374826
755,0.51744960056,0.277584415584416,0.222,0.422347248,0.154084651333333,0.472616129,0.6026,0.496309864159375,0.223520808180014
756,0.51948086656,0.278441558441559,0.222441558441558,0.422853142,0.154283943333333,0.473743137,0.603568,0.49699503232078,0.22408379525154
757,0.5214110584,0.279181818181818,0.223,0.423359036,0.154492268,0.474875082,0.604536,0.497268810100469,0.224538633258195
758,0.52319359092,0.28048051948052,0.223,0.423711896,0.154721891333333,0.476964629,0.605504,0.496962120208173,0.224891455367562
759,0.52480003904,0.281387096774194,0.223387096774194,0.4242107125,0.154961145666667,0.480023283,0.606472,0.496403276179276,0.225455745398701
760,0.5262168644,0.282032467532467,0.224,0.424709529,0.155210031,0.484367312,0.60744,0.496461166898476,0.226648771935665
761,0.52745888984,0.282681818181818,0.224,0.425111979,0.155471349666667,0.485639132,0.608296,0.499276903868139,0.228152402670167
762,0.52854769876,0.283331168831169,0.224,0.4253946095,0.155736060333333,0.485339811,0.609152,0.501033521378221,0.228903522028454
763,0.5295048746,0.28398051948052,0.224,0.42567724,0.156004163,0.484521992,0.610008,0.501274317838777,0.228961172609637
764,0.5303520008,0.284625806451613,0.224625806451613,0.426093727,0.156272429,0.483784751,0.610864,0.502277572022505,0.229211193377801
765,0.53111066084,0.285272727272727,0.225,0.4263841955,0.15653611,0.483192989,0.61172,0.503202439582069,0.229461669436938
766,0.53180243816,0.285922077922078,0.225,0.426674664,0.156795206,0.482907806,0.612506,0.503781723285747,0.22968117734331
767,0.5324489162,0.286,0.225,0.427150369,0.157037382,0.482882025,0.613292,0.504212611128346,0.229967779488998
768,0.5330716784,0.286,0.22521935483871,0.427615777,0.157269192333333,0.483235388,0.614078,0.50461674354897,0.230314345339087
769,0.53369230824,0.286,0.225864516129032,0.428081185,0.157490637,0.483687746,0.614864,0.505048809907818,0.230706474759741
770,0.53433375456,0.286512987012987,0.226,0.428311199,0.157693329,0.484225068,0.61565,0.505560305908474,0.231129310927146
771,0.5350193784,0.287,0.226,0.428729132,0.157890204666667,0.484791485,0.616394,0.506162662317043,0.231574150220218
772,0.53575107344,0.287,0.226,0.429147065,0.158081264,0.485356968,0.617138,0.506780278495605,0.232013122276346
773,0.53651356076,0.287454545454545,0.226,0.429482222,0.158265719333333,0.485916873,0.617882,0.507378830988589,0.232460345654729
774,0.53728192744,0.288,0.226103225806452,0.4298379425,0.158403499333333,0.486461933,0.618626,0.507979122425904,0.232911279967957
775,0.53801972208,0.288,0.226748387096774,0.430193663,0.158494604,0.487049963,0.61937,0.508605879081061,0.233357826466491
776,0.53867491364,0.288,0.226603896103896,0.430607468,0.158676576666667,0.487634717,0.62008,0.509261911783505,0.233784718557829
777,0.53924481012,0.288,0.226045161290323,0.431016475,0.158859,0.488208312,0.62079,0.50990521005506,0.234201699350127
778,0.53974125876,0.288,0.226690322580645,0.431425482,0.159041874,0.488721572,0.6215,0.510504839835562,0.234611231291458
779,0.540183545,0.288,0.227,0.431783468,0.159228746,0.489285375,0.62221,0.511081535009434,0.23501263617313
780,0.54059634704,0.288,0.227,0.432112128,0.159417062,0.489882053,0.62292,0.511633466669508,0.235390299455489
781,0.54102430632,0.288632258064516,0.227,0.432440788,0.159606822,0.490448781,0.6236,0.512182526591298,0.235771131002257
782,0.54146083448,0.289,0.227,0.432788193,0.159797048,0.491029095,0.62428,0.512783823092116,0.236170144443029
783,0.54193092408,0.289,0.227,0.4331289825,0.159987027333333,0.491579331,0.62496,0.513460096223566,0.236530235353005
784,0.5424615338,0.289,0.227,0.433469772,0.16017676,0.492028179,0.62564,0.514120763124488,0.236868689063002
785,0.54308639248,0.289,0.22721935483871,0.433877707,0.160366706666667,0.492598659,0.62632,0.514681394075039,0.237210134582963
786,0.54381509732,0.289,0.227864516129032,0.4342428895,0.160557456666667,0.493161482,0.626962,0.515242647778183,0.237533425307413
787,0.54469112028,0.289,0.228,0.434608072,0.16074901,0.49368761,0.627604,0.51580461591933,0.237841909027196
788,0.545699493,0.289,0.228,0.434861362,0.160940892,0.494240424,0.628246,0.51634975909954,0.238119875029382
789,0.54679520164,0.289,0.228,0.4352768065,0.161131748333333,0.494760572,0.628888,0.516887561117981,0.23838072884065
790,0.54791761504,0.289,0.228,0.435692251,0.161321579,0.495257319,0.62953,0.51748162232286,0.238635274558397
791,0.5490425006,0.289,0.228,0.436001927,0.161507505666667,0.495776507,0.63012,0.518088655502657,0.23887800320801
792,0.55014388456,0.289,0.228,0.4362374545,0.161691300333333,0.496321574,0.63071,0.518738941049345,0.239109396421573
793,0.55121530496,0.289387096774194,0.228387096774194,0.436472982,0.161872963,0.496892825,0.6313,0.51945216896655,0.239309783670874
794,0.55229486816,0.29,0.229,0.436839461,0.162050910333333,0.497500284,0.63189,0.520126259163998,0.239484125619174
795,0.553471946,0.29,0.229,0.437312886,0.162227558,0.497917769,0.63248,0.520724186784965,0.239639608130931
796,0.55467393488,0.29,0.229322580645161,0.437786311,0.162402906,0.498355832,0.632984,0.521271884682558,0.239800541330577
797,0.555925304973,0.29,0.229967741935484,0.438076317,0.162575744,0.498860765,0.633488,0.521816965121027,0.239931306018013
798,0.556985714773,0.29,0.23,0.438437745,0.162747236666667,0.499312808,0.633992,0.522394357450514,0.240017562012303
799,0.558113472756,0.29,0.23,0.438799173,0.162917384,0.49980834,0.634496,0.522933510539423,0.240153488337451
800,0.558637497,0.29,0.23,0.439200789,0.163087107333333,0.500320833,0.635,0.523483874586431,0.240336324385715
801,0.558637497,0.29,0.23,0.439470768,0.163213195666667,0.500320833,0.635,0.524114811678307,0.2405101794832
802,0.558637497,0.29,0.230193548387097,0.439740747,0.163295649,0.500320833,0.635,0.524752272050303,0.240718370356967
803,0.558637497,0.29,0.230838709677419,0.439946383,0.163462790333333,0.500320833,0.635,0.525388341406496,0.240996381177814
804,0.558637497,0.29,0.231,0.4402880965,0.163628375333333,0.500320833,0.635,0.525944632536376,0.24130275389875
805,0.558637497,0.29,0.231,0.44062981,0.163792404,0.500320833,0.635,0.526477093653284,0.241635335261669
806,0.558637497,0.29,0.231,0.44094348,0.163947262666667,0.500320833,0.635,0.52704559055821,0.242004271200055
807,0.558637497,0.29,0.23141935483871,0.441180557,0.164095581,0.500320833,0.635,0.527598625563204,0.242452517998006
808,0.558637497,0.29,0.232,0.441417634,0.164237359,0.500320833,0.635,0.528119713822813,0.242979799286087
809,0.558637497,0.29,0.232,0.441749871,0.164368148333333,0.500320833,0.635,0.52862035349163,0.243540698498899
810,0.558637497,0.290354838709677,0.232,0.442105368,0.164495297,0.500320833,0.635,0.529043169038185,0.24410491826226
811,0.558637497,0.291,0.232,0.442460865,0.164618805,0.500320833,0.635,0.52935706784716,0.244660588448215
812,0.558637497,0.291,0.232,0.442797422,0.164738706333333,0.500320833,0.635,0.529624712622908,0.245232796054301
813,0.558637497,0.291,0.232,0.4431447235,0.164857056,0.500320833,0.635,0.529865792570969,0.24582203823762
814,0.558637497,0.291,0.232,0.443492025,0.164973854,0.500320833,0.635,0.530112096920158,0.24640352132785
815,0.558637497,0.291574193548387,0.232,0.443709224,0.165087313333333,0.500320833,0.635,0.530582045002953,0.247075874840599
816,0.558637497,0.292,0.23221935483871,0.443918511,0.165200017333333,0.500320833,0.635,0.531282503147434,0.247821016261362
817,0.558637497,0.292,0.232864516129032,0.444127798,0.165311966,0.500320833,0.635,0.532075156494942,0.248498519122609
818,0.558637497,0.292,0.233,0.444578201,0.165423110666667,0.500320833,0.635,0.532891525706193,0.249102295637872
819,0.558637497,0.292,0.233,0.44489117,0.165534257,0.500320833,0.635,0.533669085216793,0.249626624415859
820,0.558637497,0.292,0.233,0.445204139,0.165645405,0.500320833,0.635,0.534155845934156,0.250134179388006
821,0.558637497,0.292,0.233,0.445373446,0.165704845666667,0.500320833,0.635,0.534585476626107,0.250678523108409
822,0.558637497,0.292,0.233,0.445647806,0.165786583666667,0.500320833,0.635,0.53512780701463,0.251282596701425
823,0.558637497,0.292,0.233,0.445922166,0.165890619,0.500320833,0.635,0.535754243049483,0.251856484979088
824,0.558637497,0.292,0.233,0.446202844,0.165982565666667,0.500320833,0.635,0.536426396221887,0.252350823953143
825,0.558637497,0.292006451612903,0.233006451612903,0.44647333,0.166068174,0.500320833,0.635,0.537064816774908,0.252737220893011
826,0.558637497,0.292651612903226,0.233651612903226,0.446743816,0.166147444,0.500320833,0.635,0.537586395568492,0.253101438296696
827,0.558637497,0.293,0.234,0.446965694,0.166214848666667,0.500320833,0.635,0.53802789356067,0.253466987113592
828,0.558637497,0.293,0.234,0.4472124275,0.166279245666667,0.500320833,0.635,0.538548561100756,0.253808900727102
829,0.558637497,0.293,0.234,0.447459161,0.166340635,0.500320833,0.635,0.539082722893241,0.254124082520816
830,0.558637497,0.293,0.234,0.447687924,0.166400894333333,0.500320833,0.635,0.539606603526983,0.254430746672196
831,0.558637497,0.293,0.234,0.44794485,0.166462841666667,0.500320833,0.635,0.540256156601371,0.254710307017744
832,0.558637497,0.293,0.234,0.448201776,0.166526477,0.500320833,0.635,0.540999200119922,0.254955348243928
833,0.558637497,0.293,0.234,0.448527694,0.166596450333333,0.500320833,0.635,0.541588932940007,0.25519334165338
834,0.558637497,0.293,0.234,0.4487629235,0.166667398666667,0.500320833,0.635,0.54217325272598,0.255445587666587
835,0.558637497,0.293,0.234,0.448998153,0.166739322,0.500320833,0.635,0.542839031590013,0.255710492840831
836,0.558637497,0.293,0.234076923076923,0.449073255,0.166813771333333,0.500320833,0.635,0.543483756042389,0.255942105015332
837,0.558637497,0.293,0.234717948717949,0.4492931665,0.166885114333333,0.500320833,0.635,0.544067916616836,0.25616423616537
838,0.558637497,0.293,0.235,0.449513078,0.166953351,0.500320833,0.635,0.544634830248676,0.256405618015663
839,0.558637497,0.293,0.235,0.449910969,0.167010935,0.500320833,0.635,0.545171505266916,0.256618763879417
840,0.558637497,0.293641025641026,0.235,0.4500186595,0.167060269,0.500320833,0.635,0.545676373228835,0.256817417616787
841,0.558637497,0.294,0.235,0.45012635,0.167101353,0.500320833,0.635,0.546169804692054,0.257044648321027
842,0.558637497,0.294,0.235,0.45067957,0.167124225666667,0.500320833,0.635,0.546738561948612,0.257223503312638
843,0.558637497,0.294,0.235,0.4508495625,0.167140907,0.500320833,0.635,0.547403765225295,0.257356289969266
844,0.558637497,0.294,0.235,0.451019555,0.167151397,0.500320833,0.635,0.547888329154277,0.257522598446209
845,0.558637497,0.294,0.235,0.451316208,0.167146140333333,0.500320833,0.635,0.548322271240621,0.257697303493421
846,0.558637497,0.294,0.23549358974359,0.451544568,0.167143059,0.500320833,0.635,0.54890395149471,0.257818465953177
847,0.558637497,0.294,0.236,0.451772928,0.167142153,0.500320833,0.635,0.549440983594619,0.25790944371843
848,0.558637497,0.294,0.236,0.45195663,0.167143533666667,0.500320833,0.635,0.549909981834103,0.25798388368742
849,0.558637497,0.294,0.236,0.4521261605,0.167148019,0.500320833,0.635,0.550407585430973,0.25803597335473
850,0.558637497,0.294,0.236,0.452295691,0.167155609,0.500320833,0.635,0.550879363041523,0.258101423880561
851,0.558637497,0.294,0.236,0.452487111,0.167171663,0.500320833,0.635,0.55135272497231,0.258184306720226
852,0.558637497,0.294,0.236,0.452685937,0.167193159666667,0.500320833,0.635,0.551903754810037,0.258347384970992
853,0.558637497,0.294,0.236,0.452884763,0.167220099,0.500320833,0.635,0.552529312141896,0.258528913137372
854,0.558637497,0.294,0.236,0.453221023,0.167254047666667,0.500320833,0.635,0.553077744845523,0.258647462768833
855,0.558637497,0.294,0.236,0.4534398615,0.167291250666667,0.500320833,0.635,0.553658109834325,0.258761118687988
856,0.558637497,0.294,0.236,0.4536587,0.167331708,0.500320833,0.635,0.554230789273312,0.25888431052509
857,0.558637497,0.294,0.236,0.453885078,0.167368872666667,0.500320833,0.635,0.554596820272829,0.259053272609699
858,0.558637497,0.294,0.236,0.4540624465,0.167402808333333,0.500320833,0.635,0.555024475052226,0.259190222889309
859,0.558637497,0.294,0.236,0.454239815,0.167433515,0.500320833,0.635,0.555594174657369,0.259290975799731
860,0.558637497,0.294,0.236455128205128,0.454542756,0.167453419666667,0.500320833,0.635,0.556114735175778,0.259443444391205
861,0.558637497,0.294,0.237,0.454663232,0.167470096666667,0.500320833,0.635,0.556606156732827,0.259675302672531
862,0.558637497,0.294,0.237,0.454783708,0.167483546,0.500320833,0.635,0.557073083762958,0.259975841772319
863,0.558637497,0.294,0.237,0.454949588,0.167487933333333,0.500320833,0.635,0.557653195640916,0.260311329282501
864,0.558637497,0.294,0.237,0.4552186285,0.167491283333333,0.500320833,0.635,0.558227397903818,0.260666899907894
865,0.558637497,0.294,0.237,0.455487669,0.167493596,0.500320833,0.635,0.55871386320575,0.261015258228254
866,0.558637497,0.294,0.237,0.455648631,0.167494332,0.500320833,0.635,0.55921891455528,0.261388148391032
867,0.558637497,0.294,0.237,0.455876708,0.167496966333333,0.500320833,0.635,0.55971368049737,0.261820685424348
868,0.558637497,0.294,0.237,0.456104785,0.167501499,0.500320833,0.635,0.560206966885832,0.262351203485141
869,0.558637497,0.294203821656051,0.237,0.456276506,0.167509380333333,0.500320833,0.635,0.560693950553064,0.262868357534107
870,0.558637497,0.29484076433121,0.237,0.456518203,0.167518759333333,0.500320833,0.635,0.561160467949688,0.263303386902789
871,0.558637497,0.294519230769231,0.237,0.4567599,0.167529636,0.500320833,0.635,0.561632304092085,0.263764735964848
872,0.558637497,0.29412101910828,0.23712101910828,0.456846625,0.167537340666667,0.500320833,0.635,0.56212596713801,0.264269443177742
873,0.558637497,0.29475796178344,0.23775796178344,0.4570131005,0.167540606666667,0.500320833,0.635,0.562649127553552,0.264833424158656
874,0.558637497,0.295,0.237605095541401,0.457179576,0.167539434,0.500320833,0.635,0.563172032625936,0.265402897323701
875,0.558637497,0.295,0.237,0.457188845,0.167530316666667,0.500320833,0.635,0.563659576254842,0.265963476383206
876,0.558637497,0.295,0.237,0.457576305,0.16751824,0.500320833,0.635,0.564158521511236,0.266587496454568
877,0.558637497,0.294692307692308,0.237307692307692,0.457963765,0.167503204,0.500320833,0.635,0.564647099245077,0.267199914927694
878,0.558637497,0.294051282051282,0.237948717948718,0.458292753,0.167486281333333,0.500320833,0.635,0.565101112139406,0.267745987779384
879,0.558637497,0.294585987261147,0.238,0.4584179525,0.167469556,0.500320833,0.635,0.565508710121173,0.268359509211924
880,0.558637497,0.295,0.238,0.458543152,0.167453028,0.500320833,0.635,0.565959988119624,0.268992443452483
881,0.558637497,0.295,0.238,0.458706588,0.167451728,0.500320833,0.635,0.566447337831858,0.269507030168913
882,0.558637497,0.295,0.238,0.458934069,0.167446478,0.500320833,0.635,0.566911937156872,0.270047181190612
883,0.558637497,0.295,0.238,0.45916155,0.167437278,0.500320833,0.635,0.567406046391811,0.270643248232041
884,0.558637497,0.295,0.238,0.45925647,0.1674349,0.500320833,0.635,0.567899591615759,0.271206849627377
885,0.558637497,0.295,0.238,0.4595348385,0.167436152,0.500320833,0.635,0.568336094079103,0.271782652741546
886,0.558637497,0.295,0.238,0.459813207,0.167441034,0.500320833,0.635,0.568723097729684,0.272375702367249
887,0.558637497,0.295,0.238,0.460557371,0.167453906,0.500320833,0.635,0.569226006358594,0.272882229455441
888,0.558637497,0.295,0.238,0.4611860365,0.167469124333333,0.500320833,0.635,0.569626416026487,0.273323283874729
889,0.558637497,0.295,0.238,0.461814702,0.167486689,0.500320833,0.635,0.570052587414664,0.273752796779237
890,0.558637497,0.295,0.238,0.462125391,0.167507513666667,0.500320833,0.635,0.570502603172554,0.27420278710209
891,0.558637497,0.295,0.238,0.4623719755,0.167528931666667,0.500320833,0.635,0.570891349181181,0.274660409072891
892,0.558637497,0.295,0.238,0.46261856,0.167550943,0.500320833,0.635,0.5712214515028,0.275035551884436
893,0.558637497,0.295,0.238,0.462650299,0.167561586333333,0.500320833,0.635,0.571420956289887,0.275421625368172
894,0.558637497,0.295,0.238,0.4623339175,0.167579724333333,0.500320833,0.635,0.571500213408899,0.275865632705627
895,0.558637497,0.295,0.238,0.462017536,0.167605357,0.500320833,0.635,0.571742234638848,0.276292432619939
896,0.558637497,0.295,0.238,0.461890012,0.167631968333333,0.500320833,0.635,0.572054943666206,0.276702256878426
897,0.558637497,0.295,0.238,0.462098643,0.167655612,0.500320833,0.635,0.572188529986714,0.277145812990705
898,0.558637497,0.295,0.238,0.462307274,0.167676288,0.500320833,0.635,0.57245139760114,0.277672759511622
899,0.558637497,0.295,0.237689873417722,0.462402999,0.167686433333333,0.500320833,0.635,0.572999649233933,0.27814494274702
900,0.558637497,0.295,0.237056962025316,0.462434068,0.167691693666667,0.500320833,0.635,0.573630828705862,0.278422311587339
